rank,score,seqid,seq
1,0.749,0.446,VELLELLGRGGAGEVWRGILRPPGSDEEIPVAAKVLHPAETEEGRRRHREEAAILASLDHPNVVRLLGVVEGERLVLVMEYAPLGNLLDYVRANKDKIDAKQKLNWMVQIAEGMKYLAEKRIIHRDLKAGNILVVTPDHVKIADFGRAVRLGEGETEARLEPGRYPRRYLAPEFLENRVASVKTDVWSYGITCWEIWTYGGTPWEGIPDEEILARLKAGEILPKPESASDEVYDVIKKCLEPDPEKRPTFAELVKFFSEMAKNPEKY
2,0.754,0.461,VELLEKLGEGGAGVVYKAIRRPEGSTEEIPVAAKVLHPAATAEGVARQRREAAILASLDHPNVLRLLDVVDGERLTLVMEYCPLGNLLDYVRAHAAEIDAAQKLHWMVQIAKGMDYLASKRIIHRDLKADNVLVVTPDHVKITDFGRAVVLGEGETRYVLPPGPYPRQWLALEFIRNRVASIQTDVWSLGVTFWEIWTNGATPWAGVPDAELAALLAAGEVLPRPASASDEVYAAIRACHQADPAARPTFAELVTFFSAMAADPARY
3,0.755,0.468,VELLEKLGTGGGGTVYKAILRPEGSDEEIPVAAKVLKKAETEEGKERQREEAEIMSSLDHPNVVRLLGVVEGERLILIMEYCPLGNLRDYVKANKDKIDNKTKLLWCVQIAEGMAYLASKRIIHRDLKADNVLVVSPDHVKIADFGLAVRLGEDETTYKAKPGKYPKRYLALEALENRIFSIKSDVWSYGITCWEIWTNGATPWAGIPDEEIAARLKAGEILPKPASASDEVYAVIKKCLEKDPEKRPTFEELVEFFSEMAKDPEKY
4,0.756,0.468,VELLELLGRGEFGEVYKAILRPEGSDEEIPVAAKVLHPAETEEGLERQRREAEILASLNHPNVVRLLDVVEGERLVLIMEYCPLGNLLDYVKANKDKIDAKQKLNWCVQIAEGLKYLAEKRIIHRDLKAGNVAVVSPDHVKIIDFGRAVRLGPDETEYVAEPGRWPRRWLALEAIENRVFSIKTDVWSLGVTFWEIWTYGATPWEGIPDSEIAARLKAGEILPKPETASDEVYAAIKKCLQPNPEDRPTFAELVEFFSEMAKDPEKY
5,0.757,0.461,VELLELLGRGGAGEVYRAVLRPPGSSEAIPVAAKVLHPAETPEGRARHEEEAAILASLDHPNVVRLLGVIRGERLMLVMPYCPLGNLLDYVRANKDKIGPAQKLNWCVQISEGMNYLASKRIIHRDLKADNVLVVSPDHVRIADFGRAVRLGPDETSYVAAPGPRPLRYLAPEAIERRVYSVATDVWSLGVTFWEIWTNGAEPWAGIPDSELLARLRAGEILPRPESASDEVYAVIQACWQRDPAARPTFAELVKTFSEMAKNPEKY
6,0.758,0.434,VELLERLGEGEFGVVWRAVLRPEGSDEEIPVAAKVMHPAETPEGRARQRREAAILASLDHPNVVRLLGVEDGERLVLVMEYCPLGNLLDYVKANKDKIDAKQKLQWMVQIAEGLAYLASRRIIHRDLKAGNVLVVDPDHVRIADFGRAVVLGEDETSYVAAPGRWPRRWLALEALENRVFSVQTDVWSLGITFWEILTYGATPWAGIPDEELAARLRAGEIPPRPASASDEVYAVIRACLQRDPAARPTFEELVERFSAMAKNPEKY
7,0.759,0.434,VELLEKLGEGGGGVVYRAILRPEGSSEEIPVAAKVRHKAETEEGKERQRREAEILASLDHPNVLKLLDVIEGDRLILVMEYCPLGDLLAYVRAHADEIDAAQRLRWMVQIAEGMAYLAEKRIIHRDLKAENVLVVSPDHVRIADFGRAVVLGEGETYYVAEPGEVPRRYLAPEALANRRFSVQSDVWSLGVTFWEIETLGATPWEGVPDAELLARLAAGEVLPRPERASDEVYALIRACLQPDPAARPTFAELVERFSAMAADPAKY
8,0.761,0.446,VELLELLGEGEAGRVWRGVLRPPGSDEEIPVAAKVLHPAATPAGRARQREEAAIMASLDHPNVVRLLDVVDGERLVLVMEYCPLGDLLTYVKKNKDKIDAKQKLNWMVQIAEGMNYLASQRIIHRDLKAENVLVVSPDHVRITDFGRAVRLGEGETEAVLEPGRRPRRYLALEYIKNNVASVATDVWSFGITCWEILTYGAEPWEGIPDEEIAARLEAGEIPPKPESASDEVYEIIKKCLEKNPADRPTFAELVKTFSEMAKNPEKY
9,0.761,0.468,VELLELLGRGAAGEVWRAILRPEGSDEEIPVAAKVLHPAPTAEGVARQRREADILSSLNHPNVLRLLGVVEGERLVLIMEYCPLGDLLSYVKAHKDEINAAQKLNWCVQIAEGMNYLAKKRIIHRDLKAGNVLVVSPDHVRIADFGRAVVLGENETEYRAAPGPVPKRYLAPEYLENRIASIKTDVWSLGVTFWEIWTYGATPWEGIPDEEILERLKKGEILPKPETASDEVYAIIKKCLEKDPEKRPTFEELVTEFSAMAKNPEKY
10,0.761,0.468,VELLELLGEGEFGRVWRGVLTPPGSTERIPVAAKVRHPAETPEGRARHLREAEIMASLDHENVLRLLGVVEGERLVLVMEYCPLGNLLDYVRKNKDKIDKKQKLNWMVQIAKGMAYLASKKIIHRDLKADNILVVDPNHVKIADFGRAVRLGENETEYHAEPGERPKRYLALEALLENRYSVKTDVWSLGITFWEIWTYGAEPWEGIPDSEIAARLKAGEIPPRPESASEEVYEIIKKCLEKDPEKRPTFAELVKKFSEMAKNPEKY
11,0.761,0.457,VELLELLGEGEFGRVYRAILRPEGSTERIPVAAKVLHPAETPEGVRRQEEEAEIMASLNHPNVLRLLDVIRGERLVLVMEYCPLGDLLAYVRAHAAEIGPAQRLRWMVQIAEGMNYLASKKIIHRDLKAGNVLVVTPDHVRIADFGRAVRLGPNETEARAEPGPRPRRWLAPEALANRVYSIQTDVWSLGITFWEIETLGAEPWAGVPDSELLALLEKGEIPPRPARASDEVYALIKACLQKDPAARPTFAELVTAFSAMAADPAAY
12,0.761,0.449,VELLEKLGEGPDGVVWRAILRPEGSDEEIPVAAKVLHPAETPEGVARQRREAEILASLDHPNVVRLLDVVEGERLILIMEYCPLGNLLDYVRANADKIDAAQRLNWMVQIAEGMAYLASKRIIHRDLKADNVLVVTPDHVKIADFGRAVRLGPDETEARLEPGPYTRRYMALEYLLERVASVQTDVWSLGITFWEIETLGATPWAGVPDEELAALLLAGEILPRPASASDEVYALIQACLQRDPSARPTFEELVKTFSAMAKDPAKY
13,0.763,0.468,VELLELLGRGPGGEVWRGILRPEGSDEEIPVAAKVRHPAETPEGRRRHEEEAEIMASLDHPNVVKLLGVERGERLVLIMEYCPLGDLLSYVKKNKDKIDKKQKLKWCVQIAEGMNYLAEKNIIHRDLKADNVLVVSPDHVRIIDFGRAVKLGENETSYVAEPGKRPKRYLALEALEKNIYSIKSDVWSYGVTCWEIWTNGAEPWAGVPDSELAALLKAGEILPKPESASDEVYELIKKCLEKDPSKRPTFKELIEEFSKMSKNPEKY
14,0.763,0.468,VELLRLLGRGGAGEVWEAVLRPPGSEEEIPVAAKVLKPAETEEGVRRQREEAEIMSSLDHPNVLRLLGVVEGERLVLVMELCPLGDLLTYVKNNKDKIDAKQKLNWMVQIAEGMNYLASKRIIHRDLKAENVLVVSPDHVKITDFGLAVRLGEDETSYLEEPGRRPLRYMALEYIKERRASVQTDVWSYGVTCWEIWTNGATPWAGIPDSEIAARLEAGEILPKPASASDEVYEIIKKCLQPNPADRPTFAELVEKFSEMAKNPEKY
15,0.763,0.468,VELLEVLGTGGAGTVYRGVLRPEGSSEEIPVAAKVLHPAETEEGRRRHEREAEIMSSLDHPNVVRLLDVIRGERLVLVMEYCPLGDLLDYVRANKDKIDNKQKLNWMVQIAEGMAYLASKNIIHRDLKADNVLVVDPNHVKIADFGRAVVLGPDETEAVLEPGEYDVRYLALEYIEKRIASVQTDVWSLGVTFWEIWTNGATPWEGIPDEEIAARLRAGEILPRPASASDEVYALIKRCLERDPAKRPTFEELVKEFSEMAKDPEKY
16,0.767,0.476,VEKLELLGRGGAGEVWKGILRPEGSSEEIPVAIKVLKKAETEEGKERQLREAEILKSLDHPNVLKLLDVIEGDRLELVMEYCPLGDLLDYVRANADKIDAKQKLNWMVQISKGMDYLASKKIIHRDLKAGNVLVVSPDHVKITDFGRSVVLGENETEYKAEPGRYDLRYLALEYIKNRIASIKTDVWSLGVTFWEILTYGGEPWEGIPDSEIAALLEKGEILPRPESASDEVYEIIKKCLEKDPEKRPTFSELVKKFSEMAKNPEKY
17,0.768,0.446,VELLELLGRGGGGEVWRAVLRPPGSTEEIPVAAKVLHPAPTPEGRARQRREAEILASLDHPNVVKLLGVVDGERLVLVMEYCPLGDLLTYVREHKDEINRKQRLNWMVQIAKGMAYLASKRIIHCDLKADNILVVSPDHVKIADFGRAVRLGPDETRYVREPGRVPRRYLAPEFIRNRVASVQTDVWSFGITCWEIETYGAEPWEGIPDEELLARLEAGEIPPRPESASDEVYDVIKKCLEADPAKRPTFEELVKIFSEMAKNPEKY
18,0.769,0.468,VELLEKLGEGEFGVVYRAILRPEGSSEEIPVAAKVLKPAETEEGKRRQREEAEIMSSLDHPNVVKLLDVVEGERLILIMEYCPLGDLLTYVREHADEIDAAQLLNWCVQISEGMAYLASKRIIHRDLKAGNVLVVTPDHVRIADFGRAVRLGENETTYVAEPGKRPVRYLAPEAIENNIYSVKTDVWSLGITFWEIFTLGGTPWEGIPDEEILARLKAGEILPRPARASDEVYAAIKACLQKDPSKRPTFEELVEFFSAMAADPARY
19,0.769,0.453,VELLELLGRGPFGEVYRAILRPPGSDEEIPVAAKVLKPAKTEEGKERQRREAEILSSLNHPNVVRLLGVVEGERLVLILPYCPLGDLLTYVKKNKDKIDAKQKLNWCVQIAEGMAYLASKRIIHRDLKASNVLVVSPDHVKIADFGLAVRLGENETEYIAEPGPYPTQYLALEAIKNRVFSIKTDVWSLGVTFWEIWTYGATPWAGVPDSDIAALLEKGEIPPKPASASDEVYALIKKCWEKDPEKRPTFEEIVEFFSKMAENPEKY
20,0.769,0.476,VEKLELLGRGGAGEVWRGILRPEGSTEEIPVAIKVLHPAETPEGLARQRREAEIMASLDHPNVVKLLGVVEGERLELVMEYCPLGNLLDYVRAHKDEIDNKQKLNWCVQIAEGMAYLASKNIIHRDLKAENVLVVSPDHVKITDFGLAVRLGPDETTYVAEPGRYPKEYMAPEFLENRIASIKSDVWSFGVTCWEIFTYGATPWEGIPPEELLKRRKAGEILPKPESASDEVYEIIKKCLEKDPSKRPTFEELVKKFSEMAKNPEKY
21,0.769,0.464,VELLEELGRGGGGVVYRALLTPPGSTERIPVAAKVLHPAATAEGVARQREEAAILASLDHPNVVRLLDVVDGERLILIMEYCPLGDLLDYVKANKDKIDAKQKLNWMVQIAEGMDYLASKRIIHRDLKAGNVLVVTPDHVKIIDFGLAVRLGENETTYHAAPGKYPRRYLALEALKNRIFSVKTDVYSYGITCWEILTYGATPWAGIPDSEIAALLEKGEIPPKPASASDEVYELIKKCLQKDPEKRPTFSELVKFFSEMAKNPEKY
22,0.77,0.453,VEKLEELGRGGAGTVWKGLLRPPGSTEEIPVAIKVFKRAETPEGRRRQREEAEILSSLDHPNVVKLLGVVEGERLELIMEYCPLGDLLDYVKKNKDKINRKQKLNWMVQIAEGMDYLASKNIIHRDLKAGNVLVVTPDHVKIADFGLAVRLGENETKAVLPPGRYPRRYMALEYLKNRIASIKTDVWSLGITFWEIETYGATPWAGVPDSELAALLEKGEILPKPESASDEVYELIKKCLEKDPEKRPTFSELVKFYSEMAKNPEKY
23,0.77,0.479,VEKLEVLGTGGGGTVYKGILRPEGSDEEIPVAIKVRKKAETPEGVARQRREAEILSSLNHENVVRLLGVEEGERLELIMEYCPLGDLLSYVKANKDKIDAKQKLNWCVQIAKGMQYLAEKKIIHRDLKAGNVLVVTPDHVKIADFGRAVRLGENETEYKAPPGEYPVRYLAPEAIENRIFSIKSDVWSLGITFWEIWTNGATPWEGVPDSEILALLKKGEILPKPESASDEVYALIKKCLELNPEERPTFAELVKEFSEMAKNPEKY
24,0.77,0.472,VELLELLGRGEAGEVWKAILRPEGSTEEIPVAAKVLHPAKTPEGVERQKREAEIMSSLDHPNVVKLLDVVDGERLILIMEYCPLGNLLDYVKKNKDKIDAKQKLNWMVQIAEGLKYLAEKKIIHRDLKADNVLVVTPDHVKIADFGRAVKLGENETSYRAKPGRYPKRYLALEAIKNRIFSVQSDVWSLGVTFWEILTNGAEPWAGIPDEEIAKRLEAGEILPKPASASDEVYDIIKKCLQKDPSKRPTFSELVKEFSEMAKNPEKY
25,0.77,0.457,VELLEKLGEGEGGVVYRAILRPEGSDEEIPVAAKVMHKAETEEGKRRQEREAEILKSLDHPNVLKLLDVIEGERLVLVMEYCPLGDLLSYVRANADKIGPAQKLNWMVQIAKGMAYLASKKIIHRDLKAGNILVKTPDHVVIADFGRAVVLGENETEYIAEPGKWPKRYLALEAIENRRFSIKTDVWSYGVTCWEILTNGATPWEGVPDEEIAALLKAGEVLPRPASASEEVYAVIKKCWQKDPEKRPTFEELVKFFSEMAKDPEKY
26,0.77,0.468,VELEELLGEGGGGKVYRAILTPPGSDEKIPVAAKVRHPAETEEGLRRHREEAEIMASLNHPNVLRLLGVVDGERLILIMEYCPLGDLLDYVKAHKDEIDAAQKLNWCVQIAKGLAYLASKRIIHRDLKADNILVVTPDHVRIADFGRAVRLGEGETEYVAEPGRRPRRWLALEALENRRYSIQSDVWSLGVTFWEIFTYGAEPWAGVPDEELAARLRAGEILPKPASASDEVYAVIKACLKRDPAERPTFEELVTTFSAMAKDPAKY
27,0.77,0.449,VELLELLGEGAFGKVYRAILRPEGSTEEIPVAAKVRKPAETPEGQERIRREAEILSSLNHPNVLRLLDVIEGERTILVMEYCPLGNLLDYVKANKDKIDAKQKLNWMVQIAKGMAYLASKNIIHNDLKAENVLVVTPDHVKIADFGLAVKLGENETKYIRKPGKYPKEYLAPEFLENRIASVKSDVWSLGITFWEILTNGATPWAGVPDEELLELLKKGEIPPKPASASDEVYAIIKKCWEKDPEKRPTFEELVKEFSAMAKNPEKY
28,0.771,0.442,VEKLRLLGRGGAGEVWEAVLRPPGSSEEIPVAAKELKPAETEEGRARQRREAEILASLNHPNVVRLLDVVEGERLVLVMEYCPLGDLLTYVRKNKDKIDAKTKLNWMVQIAKGMDYLASKRIIHRDLKAGNVLVVSPDHVRIADFGRAVVLGPDETSYRAEPGRYPREYLALEALLNRVFSIKTDVWSLGVTFWQILTNGATPWAGIPPEELAARLKAGEILPRPASASDEVYAAIQACLKADPAERPTFAELVTFFSEMAKDPEKY
29,0.772,0.461,VELLEVLGRGGAGVVYRAVLRPPGSTEEIPVAAKVLHPAATPEGRARAEREAAILASLNHPNVVRLLGVVRGERLVLVMEYCPLGNLLDYVRKNADKIDAAQRLNWMVQISKGLQYLADKKIIHRDLKADNVLVVSPDHVKIADFGRAVVLGEDETEYVEEPGRRPLRYLAPEYIENRIASIQSDVWSLGVTFWEIETLGGEPWEGIPDEELLARLRRGEILPRPERASDEVYALIKACWERDPAKRPTFAELVERFSAMAADPAKY
30,0.773,0.442,VELLRLLGEGEFGRVYLAVRRPPGSDEEIPVAAKVLHPGETEEERERARREAAIMASLDHPNVLRLLDVIDGERLVLVMEYCPLGDLLDYVKKHKDEIDAKQKLNWMVQIAEGMNYLASKKIIHNDLKADNVLVVSPDHVRIADFGRAVRLGEGETSAVLEPGRRPRRWLALEYLENRVASIQTDVWSLGVTFWEILTNGATPWAGVPDEELAALLRRGEILPRPESASEEVYALIKKCWERDPSKRPTFAELVEFFSELAKDPEKY
31,0.773,0.457,VELLERLGTGGAGTVWRAILRPPGSDEEIPVAAKVLHPAETPEGVERQEREAAILSSLDHPNVVRLLGVVRGERLVLIMEYCPLGDLLSYVRANKDKIGPAQKLQWCVQIAEGMQYLADKRIIHRDLKADNVLVVSPDHVRIADFGLAVKLGENETSYVAKPGKRPKRYLAPEALENNIYSIKSDVWSFGITCWEIWTNGATPWEGIPDEELLELLKKGEILPKPESASDEVYEIIKKCLEKNPEERPTFAELVETFSKMAENPEKY
32,0.774,0.479,IEKLELLGEGPFGKVYRAILRPEGSSEEIPVAAKELKPAETEEGKKRQRREAEILSSLNHPNVVKLLDVVEGERLILVMEYCPLGNLLDYVRAHAAEIGPAQKLNWCVQIAKGMDYLASKNIIHRDLKADNVLVVTPDHVKIADFGLAVKLGENETSYVAKPGKRPLRWLALEAIKNNVYSVKSDVWSLGVTFWEIWTNGAEPWAGIPDEELAARLEAGEILPKPASASDEVYAVIQKCWQKDPAKRPTFSELVETFSKMAENPEKY
33,0.774,0.483,VEKLEVLGTGEFGTVYKAILTPPGSTEKIPVAAKVLHKAETEEGKKRQEEEAEIMSSLDHPNVLKLLGVEKGERLTLIMEYCPLGDLLTYVKENKEKIDKKQKLNWMVQIAEGLAYLASKNIIHRDLKAENVLVVSPDHVKITDFGRAVKLGPDETEYIAEPGKRPVRYLALEAIKNRIYSIKTDVWSFGITCWEIETYGAEPWEGVPDEKIAELLEKGEILPRPKSASEEVYNIIKECLKKDPEERPTFEELVEKFSEMAKNPEKY
34,0.774,0.464,VELLEELGRGGAGVVYRAILRPEGSTEEIPVAAKVRKKAETEEGKKRIEEEAEIMSSLNHPNVVRLLGVIDGERKVLIMEYCPLGDLLTYVRKNKDKIGPKQKLNWMVQIAEGMAYLESKKIIHRDLKAENILVVSPDHVRITDFGLAVRLGEDETYYIAPPGKRPLEYLALEAIKERKYSYKSDVWSLGITFWEILTYGGTPWEGIPAEELAARLEAGEIPPRPESASEEVYDIIKKCLEKDPEKRPTFEELVEKFSEMAKNPEKY
35,0.774,0.431,VELLEKLGEGGSGIVYKGILTPEGSDEKIPVAAKVRHPAETPEGLERQRREAEILSSLNHPNVVKLLGVVEGERLVLVMEYCPLGNLLDYVKKNKDKIDAKQKLNWMVQISEGMAYLASKKIIHCDLKAENILVVSPDHVKIADFGLAVRLGENETFYKREPGEYPKRYLAPEALENRIFSIKSDVWSLGVTFWEIWTYGAEPWAGIPDEDILARLKAGEILPKPETASDEVYDVIKKCHQLDPSKRPTFEELVKFFSEMAKNPEKY
36,0.775,0.479,VEKLELLGRGAFGEVWRGILRPPGSSEEIPVALKELHPAETPEGQERHRREAEIMSSLDHPNVLRLLGVEEGERLILVMEYCPLGDLLSYVRANKDKIGPKQKLNWCVQIAKGMKYLAEKRIIHRDLKAENVLVVTPDHVRITDFGLAVRLGPNETSAVLPPGPYPRRYMAPEFLANRVASIQTDVWSYGVTCWEIWTYGGTPWAGIPDEELLARLKAGEILPKPASASDEVYALIKKCWQPDPAKRPTFAELVKFFSEMAKDPEKY
37,0.775,0.449,VELLEVLGTGGGGTVYRGILRPEGSDEEIPVAAKVLHPAETEEGIERQRREAEILASLNHENVLRLLDVIEGERLILVMEYCPLGDLLTYVRNNKDRIDRKQKLQWMVQIAKGMAYLASKRIIHRDLKADNVLVVSPDHVKITDFGRAVRLGENETEYIAEPGKRTKRYLALEALKNRRYSVKSDVWSLGITFWEIWTYGGTPWEGIPDEELAARLEAGEIPPKPESASDEVYELIKKCLEKDPEKRPTFEEIVEFFSELNKNPEKY
38,0.776,0.449,VERLEVLGTGGGGTVWRGILRPEGSTEEIPVALKVLKKAETEEGKRRQLREAEIMASLNHPNVVRLLGVEEGERLVLVMEYCPLGDLLTYVRANADKIGPAQRLNWMVQIAEGLNYLAEKKIIHRDLKADNVLVVTPDHVRIADFGLAVKLGENETSAYLEPGKYPKRYLAPEFLKNRKASIQSDVWSYGITCWEILTLGATPWEGIPDEKLLELLEKGEIPPRPERASDEVYAAIKACLQPDPSKRPTFAELVTFFSAMAANPAAY
39,0.776,0.434,VELLELLGRGGAGEVYRAILTPPGSSERIPVAAKVRHPAETEEGKERQRREAAIMASLNHPNVVQLLDVIEGERLVLVMEYCPLGDLLDYVRANKDKIGPEQKLNWMVQIAEGLAYLASKRIIHRDLKAGNILVVSPDHVKIADFGLAVVLGENETEYVAEPGRRPRRYLALEAILNRRYSIKSDVYSLGITFWEIETYGATPWEGIPDEEIAARLLAGEIPPKPESASDEVYDLIKKCLERDPSKRPTFEEIVEFTSEMAKEPEKY
40,0.777,0.476,VEKLEVLGEGEFGTVWRGILRPEGSDEEIPVAIKVLHPAETPEGVARQEREAAILASLNHPNVVRLLDVIRGERLELVMEYCPLGDLLSYVRANADKIDAAQKLNWMVQIAEGMNYLASKRIIHRDLKAGNVLVVSPDHVKIADFGRAVRLGPDETTYVAKPGRRPRRWLALEALKERVYSVQSDVWSLGVTFWEILTKGATPWEGIPDEDIAARLEAGEILPRPASASQEVYDVIKACWQPDPAERPTFAELVKKFTEMAKNPEKY
41,0.777,0.457,VELLELLGRGGAGEVYRGILRPPGSTEEIPVAAKVLHPAETEEGLRRQRREAEILASLNHPNVVKLLDVVEGERLVLVMEYLPLGNLLDYVKKNKDKINAKQKLNWCVQIAEGMNYLASKRIIHRDLKAGNIAVVSPDHVKIIDFGLAVRLGEDETEAVLEPGKYPKRYLAPEFLENRIASIKSDVWSFGVTCWEIWTYGGEPWEGIPDSDILALLKKGEILPRPESASQEVYDIIKKCWEKDPSKRPTFAELVKEFSEMAKNPEKY
42,0.777,0.464,VELLELLGEGGAGRVYRAILTPPGSTEKIPVAAKVLHKAETPEGKARHEREAEILSSLNHPNVLQLLGVVRGERLVLVMEYCPLGDLLSYVKANKDKIDAKQRLNWMVQIAKGLDYLASKNIIHRDLKAGNVLVVSPDHVKITDFGRAVKLGPDETEYVAEPGPYPRRYLALEALKNRIFSHQTDVWSLGVTFWEILTNGATPWEGIPDSEIAARLEAGEILPKPASASDEVYALIKKCWQKDPAKRPTFAELVEFFSALAANPEKY
43,0.777,0.449,VELLELLGEGEFGRVWRAVLRPPGSTEAIPVAAKVLHPAETEEGKERQEREAEILSSLNHPNVLRLLDVVRGERLILVMEYCPLGNLLDYVRANKDKIGPKQKLTWMVQIAEGLNYLAKKNIIHRDLKADNVLVVSPDHVRIADFGRAVKLGENETSYIAEPGKYPYRYLALEAIENRIFSIKSDVWSLGITFWEILTYGAEPWAGVPDSEIAELLKKGEILPRPASASDEVYELIKKCHQKDPSKRPTFEELVKFFSEMAKNPEKY
44,0.778,0.502,VEPLEVLGTGGAGTVYKGLLIPPGSTEKIPVALKVLKPAETEEGKRRQLEEAEIMSSLNHPNVVRLLGVIEGERLVLVMEYCPLGDLLTYVREHADEIDAAQRLNWMVQIAEGLNYLASKRIIHRDLKAGNVLVVSPDHVRIADFGLAVRLGPDETEYVAEPGPRPVRYLALEAIKNRRYSIQTDVWSLGITFWEIETLGAEPWAGIPDSEIAALLEKGEILPRPERASDEVYAAIKKCLEKDPAKRPTFAELVEFFSAMAKDPERY
45,0.778,0.472,VEKLELLGEGGAGEVWKAILTPEGSTEKIPVALKVLKPAETEEGRERQRREAEIMSSLNHPNVLQLLDVIEGDRLELVMEYCPLGNLLDYVKKNKDKIDAKQKLNWMVQIAEGLKYLEDKKIIHRDLKAGNVLVVSPDHVKIADFGRAVVLGEDETFYIAEPGEVPRQYLALEALLNRKYSFKTDVWSYGVTCWEIWTYGGTPWEGIPDEELAALLEKGEILPKPETASDEVYEVIKKCLEKDPEKRPTFSELVEFFSKMAENPEKY
46,0.778,0.472,VEKLELLGRGGAGEVWKGILRPEGSDEEIPVAIKVLKKAETEEGKRRQEREAEIMSSLNHPNVLKLLDVIRGERLELVMEYCPLGDLLSYVKAHKDEIDAAQKLNWMVQIAEGMNYLAEKRIIHRDLKAGNVLVVTPDHVKITDFGLAVRLGENETKYVAEPGRYPKRWLALEAIENRVFSIKTDVWSLGVTFWEILTYGGTPWEGIPDEEIAAKLKAGEILPRPETASEEVYNIIKKCLEKDPEKRPTFAELVEKFSAMAKNPEKY
47,0.778,0.479,VELLEVLGTGGAGTVYKGILRPEGSDEEIPVAAKVRKPAETEEGRRRQEEEAAILASLDHPNVVKLLDVIRGDRLILVMEYCPLGDLLDYVRKNKATIGPAQKLQWMVQIAEGMNYLAEKKIIHRDLKAGNILVVTPDHVKIADFGRAVRLGENETTYKAEPGKRPKRWLAPEAIKERIYSVQTDVWSLGITFWEILTNGGTPWEGIPDEEILALLEKGEIPPKPASASDEVYAIIKKCLEKDPSKRPTFAELVTQFSAMAANPAAY
48,0.78,0.442,VELLELLGRGGAGEVYKAILTPPGSTEKIPVAAKVRKKAETPEGKERQLREAEIMSSLDHPNVVKLLDVIDGDRLILVMEYMPLGDLLSYVKANKDKIDAAQKLNWCVQISEGMAYLEEKKIIHRDLKAGNILVVTPDHVKITDFGLAVKLGENETSYKEKPGKRPKQYLAPEYLENNIASYKSDVWSLGVTFWEIWTNGATPWAGVPDEDLLARLKAGEILPRPASASEEVYNLIKKCLELDPEKRPTFKELVEFFSEMAKDPEKY
49,0.78,0.483,VELLERLGTGGGGTVWKGILRPEGSDEEIPVAAKVLHPAATPEGVARQRREAAILASLDHPNVVKLLDVVEGDRLVLIMEYCPLGDLLSYVKANKDKIGPAQRLNWMVQIAEGMAYLASKRIIHRDLKADNVLVVSPDHVKITDFGLAVVLGPNETTYHAEPGPRPVQYLALEAIENNIYSIQSDVWSYGVTFWEILTYGATPWAGVPDSEIAKLLKAGQILPRPASASDEVYALIKKCLQKDPSERPTFAELVTAFSAMAADPAKY
50,0.78,0.442,VELLELLGTGGAGEVYRGILRPPGSDEEIPVAVKVRKKAETPEGKARHRREAEILSSLDHPNVVQLLGVEEGERLKLIMEYCPLGDLLTYVKKNKDKIDAKQKLNWMVQIAEGLAYLASRRIIHRDLKADNVLVVSPDHVKITDFGRAVRLGPDETEAVLPPGEYPREYLAPEFLENRRASVQSDVWSYGITFWEIWTNGAEPWAGVPDEELLALRKKGEILPKPASASDEVYDIIKKCLQPDPAKRPTFEELVKTFSEMAKNPEKY
51,0.78,0.438,VELLELLGEGAAGRVYRAILRPEGSDEEIPVAAKVLHPAETPEGRERQRREAEILSSLDHPNVVRLLGVVEGERLVLIMEYCPLGDLLSYVRAHAAEIDAAQRLHWCVQIAEGLNYLASKRIIHCDLKAENVLVVSPDHVRIADFGRAVRLGPDETEYVREPGPVTREYLAPEALEHRRYSVQTDVWSFGITCWQIWTLGATPWEGIPPEELLARRRAGEIPPRPASASDEVYAIIRECLQPDPAQRPTFAELVERFSAMAAAPALY
52,0.782,0.461,VELLELLGRGAFGEVWKGILRPEGSDEEIPVAAKVMRPARTPEGQERHRREAAIMSSLNHPNVVRLLGVVDGERLVLVMEYCPLGDLLDYVKKNKDKIDNKQKLNWCVQIAEGLKYLADKRIIHRDLKADNILVVDPNHVKIADFGLAVKLGENETEYIAEPGEVPKRYLALEYLEKNIASIKTDVWSFGITCWEIWTYGAEPWEGIPDEKLAELLKKGEILPRPETASEEVYEVIKKCLEKDPSKRPTFAELVEFFSEMAKNPEKY
53,0.784,0.434,VELLELLGRGEYGEVYRGILRPPGSDEEIPVAAKVLKPAETPEGVARQEREAEILSSLNHPNVVRLLDVVRGERLILVMEYMPLGDLLTYVKNNKDKIDAKTKLNWCVQIAEGMNYLASKKIIHRDLKAGNIAVVSPDHVKIIDFGRAVKLGEDETEYKEEPGKRTKQYLAPEYLKNNIASIKTDVWSLGITFWEIWTNGATPWAGIPDSELLARLEAGEILPRPASASDEVYAVIKACLEKDPSKRPTFAELVEFFSAMAKNPEKY
54,0.785,0.457,VELLERLGTGGGGTVWRAILRPEGSDEEIPVAAKVLKRAETEEGRRRQEREAEILSSLDHPNVVRLLGVVRGERLILIMEYCPLGDLLSYVKAHKDEIDAAQKLRWMVQIAEGLAYLAEKRIIHRDLKADNVLVVDPDHVKIADFGLAVRLGPDETFYVREPGKVPKQYLALEYLKNRKASIQSDVWSYGITCWEIWTNGATPWAGIPDEKIAELLEKGEIPPRPASASDEVYEIIKKCLEKDPSKRPTFEELVKKFSEMAKNPEKY
55,0.785,0.457,VEKLRLLGRGEFGEVWEGILTPEGSTEKIPVALKERHPAETEEGRRRQLEEAEILSSLDHPNVLKLLGVIEGERLVLVMEYCPLGDLLTYVKENKDKIDAKQKLNWCVQISEGMAYLASKRIIHRDLKADNVLVVTPDHVKITDFGLAVRLGPDETSYVAEPGRRPRRYLAPEALAHNIYSVQTDVWSLGITFWEIWTYGATPWEGVPDSELLALRAAGEIPPKPESASDEVYEVIKRCLQPDPEKRPTFEELVEFFSKMAENPEKY
56,0.785,0.479,VEKLRVLGTGEAGTVWEGILRPEGSTEEIPVALKELHPAETPEGLARHREEADIMASLDHPNVLRLLDVIEGERLVLVMEYCPLGDLLSYVKANKDKIDSKQKLNWMVQISEGLLYLAEKRIIHRDLKAGNVLVVTPDHVKITDFGRAVRLGEDETSYVAEPGSRPVRYLALEAIENRVYSVQTDVWSLGITFWEIETYGAEPWEGIPDSEIAARLKAGEIPPKPESASDEVYALIKKCLQKDPAKRPTFAELVEFFSAMAKNPEKY
57,0.786,0.472,VELLEKLGEGGAGTVYRAILRPEGSDEEIPVAAKVLHKAETEEGKRRQREEAEILKSLNHPNVLRLLDVIEGERLILVMEYCPLGDLLDYVRAHAAEIDAAQRLNWMVQISKGMAYLASKNIIHRDLKAGNVLVVTPDHVRITDFGRAVKLGADETSYVAEPGKRPRRWLALEEILNNVASTASDVWSLGVTFWEIETLGATPWEGIPDEEIAALLLAGEILPRPARASDEVYALIRRCLQRDPAARPTFAELVTEFSAMAADPARY
58,0.787,0.461,VEKLELLGEGEFGRVYKAILRPEGSSEEIPVAAKVFKPAETPEGVERQRREVEIMSSLDHPNVLKLLDVIEGERLIAVMEYCPLGDLLTYVKKNKDKIDAKQKLNWMVQIAEGMAYLASKRIIHRDLKAENVLVVSPDHVKIIDFGRAVRLGEGETEYVAEPGKYPKRYLALEALENRRFSIQTDVWSYGITCWEILTYGGTPWEGVPDSEIAALLKKGEIPPRPESASDEVYDLIKKCLQPDPAKRPTFEELVKEFSEMAKNPEKY
59,0.788,0.472,VELLELLGEGEFGKVYKAVLTPEGSSEKIPVAAKVRHPAETPEGKERIEREAAIMSSLDHPNVVRLLDVIRGERTILVMEYAPLGDLLDYVKANKDKIGPAQRLNWMVQIAEGMAYLASKRIIHRDLKADNILVVTPDHVKITDFGRAVVLGPDETRYVLEPGRYPKRYLALEFLLHRVASVQSDVWSFGVTCWQILTYGATPWAGVPDEELAALLERGEILPRPASASDEVYALIRACLQRDPAQRPTFEELVARFSAMAANPEKY
60,0.788,0.476,VELLEVLGTGEDGTVYRGILRPPGSSEEIPVAAKVLHPAETEEGRARHRREAEIMASLDHPNVVRLLDVVDGERLVLVMEYCPLGNLLDYVRANADKIDAKQRLNWMVQIAEGMAYLASKNIIHRDLKADNILVVTPDHVRIADFGRAVRLGPDETSYVAEPGKRPYEYLALEAIENRIYSHQTDVWSYGVTCWEIWTLGATPWEGIPNEKLAERLKKGEILPRPERASDEVYAIIKDCLQKDPSKRPTFEELVERFSAMAKEPEKY
61,0.788,0.472,VEKLEKLGEGEFGIVYKAILTPEGSTEKIPVAAKVRHKAETPEGKERQLREAEIMSSLNHPNVLKLLDVVDGERLVLIMEYCPLGDLRSYVKANKDKIDAKQKLNWMVQISEGMNYLASKNIIHCDLKADNVLVVSPDHVKITDFGRAVKLGENETSYIREPGKYPYEYLALEFIENRIASHQTDVWSLGVTFWEILTNGATPWEGIPPEKIAERLKAGEILPKPESASDEVYEAIKKCWEKDPSKRPTFSELVEFFSEMAKDPEKY
62,0.788,0.449,YEPLEELGRGGGGVVYRGVLRPEGSDEEIPVALKVLHPAETEEGRERAREEAAILASLDHPNVVRLLDVVEGERLVLVMEYCPLGNLLDYVKAHKDEINAKQKLNWMVQIAEGMAYLASKNIIHRDLKAGNILVVSPDHVKITDFGLAVRLGPNETSATLEPGRYPKRYLALEFLLNRVASIQTDVWSYGITCWEIWTNGATPWAGIPDEKIAERLLAGEILPKPASASDEVYDLIKKCLQRDPSKRPTFEELVEFFSKMAENPEKY
63,0.788,0.491,VEELEVLGTGEDGTVYKGILKPEGSDEEIPVAIKVLHKAETEEGKKRQLEEAEIMKSLDHPNVVKLLGVEEGERLKLIMEYCPLGDLLTYVKEHKDEINAAQKLRWMVQIAEGMAYLASKRIIHRDLKTDNVLVVDPDHVKIADFGRAVRLGEDETFYVAEPGKVPKRYLALEALKENRFSIQTDVWSLGVTFWEIWTYGGEPWEGIPDEEIAERLEKGEILPKPESASDEVYAAIKKCLQKDPSERPTFEELVKFFSEMAKNPEKY
64,0.788,0.476,VEKLELLGEGPFGRVWRGILRPPGSTEEIPVALKELHPAETPEGQARHEEEAEIMSSLNHPNVLQLLGVERGERLILIMPYCPLGDLLTYVRRNKDKIDMKQKLNWCVQISKGMNYLAKKRIIHRDLKAENILVVDPNHVVIADFGRAVKLGENETSYVAEPGERPRRWLALEALKNRIYSIKTDVWSLGITFWEIFTYGGTPWEGIPDEEIAERLEKGEILPRPETASEEVYELIKKCLEKDPSKRPTFEELVKFFSEMAKNPEKY
65,0.788,0.476,VELLEVLGTGGGGTVYKGILRPEGSTEEIPVAVKVLKPAETEEGVKRQLEEAEILSSLNHPNVVKLLDVIEGERLMLVMEYCPLGNLLDYVKANKDKIGPKQKLNWMVQIAEGMNYLASKKIIHRDLKAENVAVVSPDHVKIIDFGRAVKLGPDETYAVLEPGRRPRRYMALEYLLERKASVQSDVWSYGVTCWEILTNGGTPWEGIPDEELAARLKAGEILPRPESASDEVYELIKKCWERDPSKRPTFAELVEEFSAMAKNPEKY
66,0.789,0.472,VEKLRLLGEGGAGRVWLGLLTPPGSSEKIPVALKELKPAETEEGRRRQREEAEILASLDHPNVVRLLDVIEGERLVLVMEYCPLGNLLDYVRANADKIDAAQRLNWMVQIAEGMAYLASKRIIHRDLKAGNILVVTPDHVRIADFGLAVRLGENETSYVAEPGKRPKRWLALEALENRVYSIQTDVWSLGVTFWEIETLGGTPWEGIPDEEIAALLKAGEILPKPARASDEVYALIKKCLQRDPAKRPTFEELVEAFSAMAKDPAKY
67,0.79,0.446,VKKLELLGKGGAGEVWKGILEPPGSSEKIPVAIKVRKKALTEEGKKRQKEEAEIMSSLNHENVLQLLDVIEGERLELVMPYCPLGNLLDYVRANKDKIDAKQKLDWYVQIAKGMAYLASKRIIHRDLKADNVLVVSPDHVKIADFGLAVKLGENETSYVAEGGRRPRRYLAPEALANNVYSIKTDVWSLGVTFWEIETNGATPWEGVPDEDLLALLERGEILPKPASASDEVYALIKKCLAKDPEERPTFEELVKFFSEMAKNPEKY
68,0.79,0.434,YEPLEVLGTGPFGTVYRGILRPEGSSEEIPVALKVRKPAETPEGVERQRREAEIMSSLNHPNVVQLLDVIEGERLVLVMEYCPLGDLLTYVKKNKDKIDRKQKLNWMVQIAEGLNYLASKNIIHRDLKAGNVAVVSPDHVKIIDFGLAVKLGAGETSYREPPGRRPRRYLALEYLRERVASVQTDVWSFGVTCWEILTNGGTPWEGVPDEELAALLEAGEILPKPESASDEVYALIKACHQRDPAARPTFAELVKKFSEMAKNPEKY
69,0.79,0.449,VELLEKLGEGEDGVVYRAILTPEGSTEKIPVAAKVFHPAETPEGVERIEREAAILSSLNHENVLKLLDVVDGERRVLIMEYCPLGDLLTYVKKNKDKIDAKQKLQWCVQIAKGLKYLEEKKIIHRDLKAGNILVVSPDHVKIADFGRAVVLGENETTYVLEPGPYPRRYMALEFLENRIASFKTDVWSLGVTFWEIWTYGATPWAGIPDSELAALLAKGEILPRPKTASQEVYDIIKKCWQKDPNKRPTFAELVEKFSEMNKNPEKY
70,0.791,0.464,VEPLRRLGTGGAGTVWEGILRPPGSSEEIPVALKVLKPAETEEGKERQRREAEIMSSLNHPNVLRLLGVIEGERLVLVMEYCPLGNLLDYVRANKDKIDKKQKLNWMVQIAEGMKYLAEKKIIHRDLKADNILVVSPDHVVITDFGRAVKLGENETEYKAEPGKYPYRYLALEAIENRIFSIKTDVWSYGVTFWEIWTYGAEPWEGIPDSELAKLLKQGVILPRPESASDEVYNAIKKCWERNPEERPSFSELVEFFSKMAKNPEKY
71,0.793,0.483,VEKLEVLGEGEAGVVYRGILRPPGSSEEIPVAIKVRHPAETPEGRERIEREAAIMASLNHPNVLRLLGVIRGERTELVMEYCPLGNLLDYVRANKDKIGPKQRLSWMVQIAEGMAYLASKRIIHRDLKAENVLVVTPDHVRIIDFGRAVVLGPDETSYVAEPGRRPLRYLALEAILNRVYSIKSDVWSYGVTCWEILTYGATPWEGVPDAEIAARLLAGELPPRPASASEEVYALIRACWQRDPEKRPTFEELVEFFSEMAKNPEKY
72,0.793,0.453,IELLEKLGEGEAGVVYRGILRPEGSSEEIPVAAKVMHPAKTEEGKKRQEEEAEIMSSLNHPNVVKLLDVVKGERLVLVMEYCPLGDLLDYVKANAASIGAAQRLNWMVQIAEGMNYLASKNIIHRDLKADNILVVSPDHVKITDFGRAVKLGENETSYKAKPGKVPKRYLAPEALEKRIYSIKSDVWSYGITCWEIWTYGAEPWEGIPDEEILKLLKKGEIPPRPASASDEVYAIIKECLQKDPEKRPTFAELVEKFSAMAANPAKY
73,0.794,0.457,VELLEVLGTGPFGTVYRGVLRPPGSSEEIPVAAKVLKPAETEEGRRRQREEAEILASLDHPNVLRLLDVVEGERLVLVLPYCPLGDLLDYVKANKDKIGPEQKLNWMVQIAEGMAYLASQKIIHRDLKADNVLVVTPDHVRITDFGLAVRLGADETSYTAPPGRRPRRYLALEALEHRVYSVQSDVWSYGITCWEIWTYGGTPWEGVPDEELAALLRAGEVPPRPESASDEVYAAIKACLARDPAARPTFEELVTFFSEMAKNPEKY
74,0.794,0.438,YTPLELLGEGGAGRVWRGVLRPPGSSEEIPVALKELHPAATPEGKERQREEAAIMSSLNHPNVLQLLDVVDGERLILVMEYCPLGDLLDYVKKNKDKIDAKQKLNWMVQIAEGMAYLASKRIIHRDLKADNVLVVSPDHVKITDFGLAVKLGPNETSYVAEPGKFPKRYLAPEALKNRVFSIKTDVYSLGITFWEIETNGATPWEGIPDEEILARLEAGEIPPKPKSASDEVYEVIKKCLQKDPSERPTFEELVKFFSEMAKNPEKY
75,0.794,0.483,VEPLRVLGTGGAGTVWLGILRPEGSDEEIPVALKVLKPAETEKGLERQREEAAIMASLDHPNVVRLLDVIEGERLVLVMPYCPLGDLLTYVRNNKDKIDAKQKLNWCVQIAEGMAYLASKRIIHRDLKADNVLVVTPDHVKIADFGLAVRLGEDETTYKEEPGKRPRRYLALEYIKNRIASIKSDVWSFGVTCWEIFTYGAEPWAGVPDEDIAALLEKGERLPRPESASDEVYEVILKCWEKNPEERPTFEELVEFFSEMAKNPEKY
76,0.797,0.464,VELLRVLGTGEFGTVYEAILRPEGSSEAIPVAAKVLKPAKTEEGKKRQREEAEILSSLNHENVLRLLDVVEGERLVLIMELCPLGDLLSYVKAHAAEIDAAQKLNWCVQIAKGMNYLAEKNIIHRDLKADNILVVSPDHVKITDFGLAVKLGENETEYIAEPGRRPKEYLAPEALEKNVYSHKSDVWSLGVTFWEIWTNGATPWAGIPDEELLARLAAGEILPKPASASDEVYAIIKECWQKDPEKRPTFSELVEKFSEMAKNPEKY
77,0.797,0.453,VELLEKLGEGGGGTVWRGILRPEGSSEEIPVAAKVKKPALTEEGKKRQLEEAKIMSSLNHPNVLQLLGVVEGERLVLIMEYCPLGNLLDYVRANADRIDAAQRLQWCVQIAEGLAYLASKNIIHRDLKADNVLVVSPDHVVITDFGRAVKLGPDETSYVEEPGRVTREYLALEYLKNRVASVQSDVWSLGVTFWEIWTLGGTPWEGIPDEELAARLEAGEILPRPARASDEVYAAIKACLQPDPAERPTFEQLVEFFSAMAADPARY
78,0.798,0.468,VELLEVLGTGEFGTVYRGILRPPGSDEEIPVAVKVLHPAETEEGRRRHEEEAAIMASLNHPNVLRLLGVERGERLRLVMEYCPLGDLLTYVRKNRDKINAKQRLHWCVQISEGMAYLASQNIIHRDLKAGNVLVVSPEHVRIADFGRAVRLGPDETTYVAEPGKRPKRYLAPEALKNRIYSHQTDVWSLGVTFWEIWTYGGTPWEGIPDEKILELLEKGEILPRPERASQEVYDVIKKCLKKNPAERPTFEELVKFFSEMAKDPEKY
79,0.798,0.483,VEKLEVLGTGGAGTVYKGILTPEGSTEKIPVAIKVMKKAETEEGKERQRREAEIMASLDHPNVLKLLDVIEGERLELIMEYCPLGDLLDYVKENKEKIDAKQKLNWMVQISEGMAYLASKRIIHRDLKADNVLVVDPDHVKITDFGRAVVLGPNETSYVAEPGKFDRRYLALEALKNRIFSVKTDVWSLGITFWEILTYGAEPWEGVPDEEIAKLLEAGERPPKPESASDEVYAIIQKCLEKNPEERPTFEELVKEFSEMAKDPEKY
80,0.798,0.483,VEKLKVLGRGGAGTVYEAILKPPGSTEEIPVALKVRHKALTPEGKERQLEEAEILSSLDHPNVVKLLDVIEGERLELVMELCPLGDLLDYVKKNKDKIDAKQKLNWMVQIAKGMDYLASKRIIHRDLKADNVLVVSPDHVKITDFGRAVRLGENETEYRAEPGRRPRRYLALEAILENVYSVQTDVWSFGVTCWEIETYGATPWEGIPDSEIAALLRQGQILPKPASASDEVYAAIKKCLQPDPSKRPTFSELVEFFSAMAKNPEKY
81,0.799,0.464,VEKLEVLGTGGGGTVWRAVLRPEGSTEEIPVAAKEMKPAATPEGVARQEEEAAILSSLNHPNVVQLLDVVRGERLILVMEYCPLGNLLDYVRAHADEIGPAQRLRWCVQIAEGMAYLASKRIIHCDLKADNVLVVSPDHVKIADFGRAVRLGPDETEYRRAPGRRPVRYLAPEAIANRVYSVQTDVWSLGVTFWEIWTLGATPWEGIPDEDILARLEAGEILPRPARASDAVYAAIVRCWAPDPAERPTFEELVEFFSAMAEDPEKY
82,0.8,0.446,VELLEKLGEGGAGVVWRAVLKPPGSTEEIPVAAKVLKPAETPEGLERQREEAEILSSLNHPNVVQLLDVIEGERLILVMPYCPLGDLLSYVKANKDKIDRKQKLNWMVQIAEGMNYLAEKNIIHRDLKAGNVLVVSPDHVKIADFGLAVKLGENETSYIAKPGKRPLRYEALETILNNVYSIQSDVWSLGITFWEIETLGATPWEGIPDSEIAARLQAGEIPPRPESASQEVYDLIKKCLQKDPSKRPTFKELVEEFSKMAENPEKY
83,0.8,0.483,VELLEKLGEGEAGVVYKGILRPEGSDEEIPVAAKVRHPAETEEGKKRQLEEAEIMSSLNHPNVVRLLDVIDGERLILIMEYMPLGDLLSYVRAHADEIGPAQRLRWCVQIAKGLAYLESKKIIHRDLKAGNVLVVTPDHVKIADFGRAVRLGEDETSYTAEPGRYPRRYLALEAIKNRVFSHKSDVWSFGITCWEIWTLGGEPWAGIPDSEIAALLEKGEVPPRPASASQEVYDLILECLKPDPEERPTFEELVKRFSEMAKNPEAY
84,0.8,0.453,VEKLRVLGTGEAGTVWEALLIPEGSSEKIPVAAKELHPAETPEGVERQRREAEIMSSLNHPNVVQLLDVIEGERLILVMPYCPLGDLLDYVKKNKDKIDAKQKLLWMVQIAEGLAYLASKKIIHNDLKADNILVVSPDHVKITDFGRAVRLGPDETEAVLEPGKRPKRYLALEYLKNRRASIKTDVWSLGITFWEILTNGGTPWEGIPDEEIAKLLEAGEILPRPESASEEVYNIIKKCLQKDPEKRPTFEELVKFFSELAKNPEKY
85,0.801,0.449,VEKLELLGRGGAGEVWKGILKPPGSDEEIPVAIKVLKPAETPEGLARQRREAEIMSSLNHPNVMKLLGVIEGERLELVMEYCPLGDLLSYVKAHKDEIDAAQKLNWMVQIAEGMAYLASKNIIHCDLKAGNVAVVSPDHVKIIDFGRAVVLGPDETTYVREPGEVPKRYLALEYILNRIASVKTDVWSYGVTCWEILTYGATPWAGVPDEKLAELLKQGEILPKPASASDEVYALIKACWQKDPSKRPTFEELVKKFSAMAENPEKY
86,0.801,0.446,VELLRVLGEGEAGVVYEGILTPPGSTERIPVAAKVMHPAETEEGKRRQEREAAIMASLNHPNVLRLLDVIRGERLILVMEYCPLGDLLTYVRENRDKIDRKQRLNWMVQISEGLNYLAKKRIIHRDLKADNVLVVSPDHVRIADFGRAVVLGENETSYVAEPGRVPRRYLAPEALENRVYSIYSDVWSLGITFWEIWTYGAEPWEGVPDEELLALLKAGEIPPKPEIASDEVYDIIKKCLKKDPKERPTFEELVKEFSEMAKNPEKY
87,0.801,0.464,VEPLEVLGTGEFGTVWRGLLRPEGSTERIPVALKVRHPAETPEGLERQRREAEILASLDHPNVVRLLGVVEGERLVLVMPYCPLGDLLDYVKANKDKIDAAQRLNWMVQISKGMAYLAEKNIIHNDLKAGNVLVVDPNHVRIADFGLAVRLGPDEKYYVREPGRYPYRYLALEYIKNRIASHKTDVWSLGITFWEIWTYGATPWEGIPDEEIAERLEKGEILPRPESASDEVYDLIKKCLEKNPEKRPTFEELVKFFSEMAKNPEKY
88,0.801,0.468,VELLEVLGTGGAGTVYRAILRPPGSSEEIPVAAKVLKKAETPEGKERAEREAEIMSSLDHPNVLQLLDVVRGERLVLIMEYCPLGDLLTYVRENKDKINREQILNWMVQIAEGMNYLASKRIIHRDLKAENVLVVSPDHVKITDFGLAVRLGENETSYVGKPGKRTKRYLALEAIKNNIYSIKSDVWSLGITFWEILTYGATPWEGIPDSEIAELLEKGEILPRPESASQEVYDLIKKCLKKDPSERPTFEEIVKFTSEMAKNPEKY
89,0.802,0.487,VELLEELGRGGGGTVYRGLLIPEGSTERIPVAAKVLHKSETEKGKERHRREAEIMSSLNHPNVLRLLGVVEGERLVLIMEYCPLGDLLDYVRANKDKIGAKQKLNWCVQIAKGLAYLESKNIIHRDLKADNVLVVSPDHVKIADFGLAVVLGPDETEYIAEPGEYPYRYLALEAIENRIFSHKTDVWSYGITCWEIFTNGATPWEGIPDEELAKRLLAGEILPKPASASDEVYSLIKKCLQKNPEERPTFEELVEFFSEMAKDPEKY
90,0.802,0.446,VEKLEKLGTGEDGVVWKAILRPEGSSEEIPVAAKELKPAETEEGKERQRREAEIMSSLNHPNVLKLLDVIEGERLILVMEYCPLGNLLDYVKKNKDKIDAKQKLKWMVQISEGMNYLAKKNIIHCDLKAENVLVVSPDHVKIADFGRAVKLGENETSYVREPGKFPYEWLALEAIKNRIFSVKTDVWSLGVTFWQILTYGGTPWEGVPNEKIAELLEKGEILPKPASASDEVYAAIKKCLEKDLNERPTFEELVEFFSAMAENPEKY
91,0.804,0.453,VEPLEVLGTGEFGTVYRGVLRPPGSDEEIPVALKVRKPATTEEGKERQLREAEIMSSLNHPNVVKLLGVIEGERLILVMEYCPLGNLLDYVRAHKDEIDAAQKLNWCVQIAEGMAYLASKRIIHCDLKADNVLVVTPDHVKIADFGRAVVLGENETSYVREPGRYPRRYLAPEFIENRVASIKTDVWSLGITFWEIWTNGAEPWAGIPDEELLARLRAGEVPPRPASASDEVYALIRRCLQRDPEKRPTFEELVEAFSAMAANPAAY
92,0.805,0.461,VEPLRVLGTGEFGTVYLGILKPEGSDEEIPVALKVLHPAPTAEGKARQLEEAEILSSLDHPNVLKLLDVIEGDRLILVMEYCPLGNLLDYVKAHADKIGPAQRLRWMVQIAEGMAYLASKKIIHRDLKAENVLVVSPDHVKITDFGRAVRLGEDETEYVAEPGERPYEYLALEAILNNVFSHKTDVWSLGITFWEIETLGATPWEGIPNSELAKRLLAGEILPRPASASDEVYSVIKSCLQKNPEERPTFEELVKFFSEMAKNPEKY
93,0.805,0.434,VELLEKLGTGGGGTVYKAILTPEGSTEKIPVAAKVRKKAETPEGQKRIEEEANILKSLNHPNVVRLLDVINGERTILVMEYCPLGDLLSYVKANKDKIDAKTKLNWCVQISEGLNYLAEKKIIHRDLKAGNILVVSPDHVRIADFGSAVVLGEDETEYIEEPGKRPKRYLAPEYIENRVASIKTDVWSLGVTFWEIWTYGGEPWEGVPDEELLALRKAGEILPKPESASDEVYAVIKKCLQPDPEKRPTFAELVTTFSAMAKNPEKY
94,0.806,0.431,VELLELLGTGGAGEVWRALLRPEGSSEEIPVAAKVKKKAETEEGKKRQLEEAEIMSSLDHPNVVRLLDVVEGERLILIMPYCPLGDLLSYVRAHAAEIGPAQKLNWMVQIAEGLAYLASKKIIHCDLKAENVLVVDPNHVRITDFGLAVKLGENETEYIREPGKYPYRYMAPEFLEKRIASIKTDVWSLGITFWEIWTNGATPWEGVPDSELLALRKAGVIPPRPASASDEVYAAIKKCLQPDPEKRPTFEELVKFFSEMAKNPEKY
95,0.807,0.464,VELLRVLGRGEDGTVYEGLLTPPGSSERIPVAVKVLHPAETPEGLARQRREAEILSSLDHPNVLRLLGVEEGDRLRLIMEYCPLGDLLSYVRANKDKIDRKQKLNWMVQIAEGLKYLAEKRIIHRDLKADNILVVSPDHVKITDFGRAVRLGENETTAHLEPGRYPREYMALEYLLNRVASIKTDVWSFGITCWEILTYGATPWAGVPDEELAALLEKGEILPKPASASDEVYAVIKKCLEKDPSKRPTFAELVKTFSEMAKNPEKY
96,0.812,0.476,VEKLEVLGEGEDGVVYKGILKPEGSDEEIPVAIKVLKKAETEEGKKRQEEEAAIMSSLNHPNVLKLLDVIDGEELELVMEYCPLGDLLSYVRANRDKIGPAQKLNWCVQIAKGLAYLASKKIIHRDLKAENVLVVSPDHVKIADFGRAVRLGENETEYRAEPGKRPRRYLALEAIKERIYSIKTDVWSYGVTCWEIFTNGATPWAGVPDEQLAALLEQGVILPRPEEASDEVYAVIKACLQPNPEERPTFEELVKFFSEMAKDPERY
97,0.812,0.461,VELEELLGEGEDGRVWRAILRPEGSSEEIPVAAKVLKPAETEEGVRRQLREAEIMSSLNHPNVLQLLGVVNGERLVLIMEYCPLGDLLDYVRAHAAEIGPAQRLNWCVQIAKGMAYLASKRIIHNDLKADNVLVVDPDHVRITDFGRAVKLGPDETEAVLEPGKVPKRWLALEYIEKRIASVQTDVWSLGVTFWEIWTLGGTPWEGIPDEKLAELLKAGEILPRPASASDETYAAIKACLQPDPAKRPTFEELVAFFSAMAENPEAY
98,0.82,0.449,VELLEVLGTGGAGTVYKGILTPEGSSEKIPVAAKVLKPAETPEGKERQEREAKIMSSLNHPNVLKLLDVIKGERLILVMEYCPLGNLLDYVRANKDKIDAKTKLNWMVQISKGLDYLASKKIIHCDLKAENVLVVSPDHVVIADFGLAVKLGENETTYHRKPGPVTRQYLAPEFLEKNIASIQSDVWSLGVTFWEIWTYGATPWAGVPDSELLERLKAGEILPRPASASQEVYDLIKKCWQPDPSKRPTFSELVTFFSEMAKNPEKY
99,0.823,0.461,VKLEELLGKGEFGEVYKGILEPEGSSEKIPVAAKVRHKAETEEGKERQLREAEIMKSLNHPNVLQLLDVIEGERLILVMEYCPLGNLLDYVRANKDKIDMAQKLRWCVQISKGMDYLAQKNIIHRDLKAGNVLVVSPDHVRIADFGRAVKLGPDETSYVAEPGKFTREYLALEAIKNRVFSVQSDVWSLGITFWEIFTNGATPWEGIPDEELAALLEQGEILPKPASASDEVYSVIKACQQPDPAKRPTFAELVEFFSEMAKNPEKY
100,0.83,0.461,VKLLKVLGTGGFGTVYLAILEPEGSSEKIPVAAKVLKPAKTEEGKKRQEEEAEIMKSLNHPNVVQLLDVIKGKRLVLVMPYCPLGDLLDYVRAHADEIDAAQKLNWCVQIAEGMNYLASKNIIHRDLKAGNVLVVSPDHVKIADFGRAVKLGEDETTAVLEPGRYPRRYLAPEFIENRIASIKTDVWSLGVTFWEIWTRGATPWAGVPDEDLLALRKAGEILPRPASASDEVYALIKKCHELDPSKRPTFEELVKEFSAMAKNPEKY
